aX,aY,aZ,gX,gY,gZ
-1.299,0.510,0.964,65.002,-131.409,178.650
-1.443,0.565,1.015,76.355,-137.939,178.528
-1.574,0.601,1.143,81.482,-151.184,173.950
-1.708,0.647,1.130,85.571,-162.354,163.818
-1.766,0.704,1.156,89.417,-177.002,150.269
-1.765,0.693,1.160,94.543,-180.786,132.446
-1.926,0.619,0.634,-2.625,-184.631,115.784
-1.798,0.934,0.771,-255.676,-222.839,104.492
-1.615,1.125,0.947,-229.553,-215.820,74.951
-1.566,1.086,0.887,61.279,-170.288,14.160
-1.659,0.903,0.787,273.743,-146.057,-67.566
-1.741,0.833,0.813,209.839,-133.484,-136.780
-1.803,0.904,0.959,27.222,-122.742,-195.068
-1.872,0.947,1.070,61.462,-70.801,-321.777
-2.017,0.739,0.995,156.067,-24.719,-386.414
-2.161,0.620,0.950,152.588,20.996,-448.303
-2.350,0.529,0.935,99.792,64.514,-507.080
-2.459,0.448,0.895,88.196,107.971,-555.481
-2.443,0.354,0.793,134.338,154.175,-592.773
-2.540,0.225,0.656,182.312,202.454,-632.996
-2.753,0.076,0.538,179.810,247.009,-677.368
-2.916,-0.020,0.444,145.081,279.480,-701.538
-3.054,-0.109,0.360,116.394,302.856,-719.604
-3.243,-0.214,0.259,103.760,324.219,-739.197
-3.364,-0.318,0.160,96.252,336.914,-748.047
-3.313,-0.409,0.074,89.111,335.754,-741.394
-3.147,-0.462,-0.000,79.163,329.102,-721.924
-2.995,-0.521,-0.081,70.068,324.036,-710.999
-2.873,-0.600,-0.168,57.129,316.711,-712.036
-2.778,-0.685,-0.239,22.400,299.622,-715.637
-2.666,-0.770,-0.281,-32.898,270.630,-719.299
-2.645,-0.851,-0.279,-96.985,230.286,-722.656
-2.390,-0.944,-0.291,-161.499,178.894,-720.459
-2.255,-1.027,-0.257,-221.436,116.943,-708.923
-2.061,-1.101,-0.190,-265.747,49.744,-680.542
-1.861,-1.177,-0.136,-282.898,-16.174,-593.994
-1.687,-1.250,-0.068,-309.387,-137.451,-541.260
-1.577,-1.272,0.170,-343.567,-190.979,-475.952
-1.571,-1.254,0.307,-347.046,-243.530,-423.279
-1.555,-1.252,0.424,-316.956,-294.312,-379.272
-1.521,-1.260,0.517,-284.180,-338.684,-337.097
-1.471,-1.260,0.613,-275.696,-372.986,-294.312
-1.428,-1.224,0.717,-291.382,-398.132,-242.432
-1.405,-1.157,0.829,-306.885,-417.725,-184.570
-1.347,-1.093,0.933,-293.396,-434.875,-126.587
-1.277,-1.035,1.026,-246.277,-447.266,-66.467
-1.275,-0.970,1.091,-185.364,-445.740,-5.066
-1.384,-0.891,1.123,-138.306,-430.115,51.208
-1.494,-0.802,1.155,-121.277,-414.734,96.619
-1.527,-0.707,1.206,-119.995,-406.799,134.094
-1.561,-0.601,1.265,-111.267,-399.597,168.213
-1.575,-0.522,1.295,-85.510,-385.071,189.819
-1.532,-0.468,1.331,-62.134,-370.361,200.378
-1.181,-0.402,1.350,-34.302,-360.046,220.764
-1.300,-0.289,1.489,-16.907,-361.328,222.412
-2.232,-0.177,1.332,26.245,-288.696,237.366
-2.557,-0.138,1.314,102.661,-303.162,219.360
-2.455,-0.253,1.369,153.687,-352.966,157.715
-2.378,-0.226,1.442,96.802,-340.271,123.535
-2.285,-0.161,1.510,17.029,-295.959,101.379
-2.066,-0.166,1.571,-1.465,-257.507,64.575
-1.728,-0.147,1.630,6.226,-219.177,49.255
-1.439,-0.104,1.672,15.991,-170.410,46.936
-1.302,-0.095,1.676,23.926,-113.342,29.541
-1.241,-0.083,1.658,17.456,-53.284,6.042
-1.109,-0.064,1.645,7.141,-2.075,-13.123
-0.902,-0.075,1.598,12.390,46.021,-32.959
-0.796,-0.113,1.482,23.071,100.647,-49.744
-0.863,-0.150,1.333,21.912,156.616,-62.073
-1.085,-0.183,1.171,16.418,208.801,-72.205
-1.330,-0.214,1.020,26.672,244.934,-76.660
-1.472,-0.257,0.885,57.617,260.010,-75.745
-1.504,-0.309,0.771,76.843,260.559,-72.510
-1.473,-0.340,0.691,64.697,255.127,-67.749
-1.394,-0.353,0.633,37.048,247.131,-62.012
-1.266,-0.363,0.594,17.700,235.046,-56.458
-1.095,-0.373,0.564,12.817,219.238,-48.828
-0.936,-0.382,0.536,14.771,205.261,-38.574
-0.806,-0.391,0.503,15.015,194.824,-28.198
-0.706,-0.390,0.481,12.146,185.608,-15.930
-0.649,-0.378,0.456,14.771,177.307,-1.038
-0.637,-0.376,0.417,27.466,169.067,11.719
-0.642,-0.377,0.377,39.612,156.738,21.912
-0.627,-0.376,0.345,39.734,138.916,30.396
-0.596,-0.371,0.331,28.442,118.042,37.415
-0.560,-0.357,0.328,15.198,96.191,45.349
-0.525,-0.342,0.329,10.681,74.524,54.504
-0.486,-0.326,0.335,14.832,53.040,64.575
-0.455,-0.306,0.347,20.813,32.104,75.500
-0.440,-0.280,0.367,23.010,12.329,86.792
-0.428,-0.250,0.399,21.484,-6.531,96.802
-0.441,-0.219,0.438,19.043,-24.414,104.980
-0.470,-0.186,0.478,19.165,-40.344,111.511
-0.505,-0.158,0.515,20.264,-56.213,115.112
-0.540,-0.132,0.557,18.066,-71.899,115.845
-0.570,-0.105,0.605,10.620,-86.548,114.746
-0.597,-0.078,0.656,0.671,-99.548,110.962
-0.618,-0.056,0.708,-9.094,-110.107,104.370
-0.632,-0.033,0.760,-17.029,-117.737,97.412
-0.637,-0.015,0.808,-23.132,-122.131,89.600
-0.647,-0.002,0.855,-28.809,-123.291,80.078
-0.662,0.012,0.899,-33.203,-121.155,71.533
-0.678,0.024,0.938,-33.875,-116.455,64.148
-0.695,0.034,0.972,-28.870,-109.619,57.678
-0.705,0.044,0.999,-20.935,-101.196,52.551
-0.709,0.053,1.017,-13.916,-91.736,46.265
-0.703,0.058,1.036,-10.864,-81.787,36.926
-0.688,0.061,1.055,-12.817,-71.350,25.208
-0.670,0.062,1.072,-16.174,-59.082,12.085
-0.661,0.058,1.079,-17.029,-45.105,-1.099
-0.665,0.043,1.078,-15.930,-29.724,-13.916
-0.688,0.022,1.064,-15.930,-14.587,-26.794
-0.691,-0.001,1.045,-19.226,-1.099,-37.720
-0.686,-0.020,1.019,-19.592,12.268,-45.349
-0.714,-0.052,0.976,-11.047,25.696,-52.490
-0.731,-0.089,0.931,-3.357,35.400,-59.082
-0.731,-0.112,0.898,-5.554,41.626,-61.890
-0.731,-0.133,0.867,-8.911,46.753,-63.599
-0.722,-0.155,0.836,-5.981,50.110,-64.941
-1.354,0.380,0.973,5.127,-41.809,78.735
-1.472,0.404,0.991,9.338,-37.598,86.914
-1.561,0.434,1.006,13.367,-31.616,97.351
-1.612,0.466,1.024,19.714,-23.804,106.018
-1.649,0.500,1.038,24.902,-12.573,111.938
-1.695,0.536,1.047,26.489,3.357,114.319
-1.740,0.566,1.047,28.015,23.865,111.206
-1.751,0.600,1.041,31.738,45.288,105.225
-1.729,0.632,1.031,37.354,66.162,96.069
-1.724,0.657,1.015,41.565,88.013,80.017
-1.763,0.668,0.989,41.992,112.122,56.641
-1.790,0.671,0.959,42.725,134.033,30.884
-1.767,0.680,0.935,48.645,153.625,6.592
-1.735,0.688,0.892,58.960,176.880,-16.357
-1.681,0.681,0.841,69.153,200.195,-45.288
-1.588,0.676,0.781,70.862,223.694,-78.430
-1.504,0.661,0.708,66.101,248.047,-114.502
-1.484,0.626,0.620,58.472,270.508,-156.494
-1.518,0.577,0.523,44.495,287.964,-202.576
-1.564,0.528,0.433,24.475,297.668,-248.596
-1.604,0.476,0.355,6.775,300.232,-293.518
-1.661,0.419,0.287,-1.465,298.767,-336.853
-1.714,0.337,0.205,-4.272,296.997,-378.479
-1.745,0.291,0.133,-11.719,291.077,-409.668
-1.858,0.212,0.074,-24.414,283.875,-446.594
-2.007,0.146,0.007,-42.786,276.062,-481.567
-2.073,0.091,-0.027,-58.777,257.263,-507.690
-2.095,0.033,-0.058,-65.796,229.553,-536.255
-2.127,-0.021,-0.079,-76.172,200.012,-567.627
-2.228,-0.099,-0.090,-96.313,169.067,-608.704
-2.348,-0.198,-0.089,-127.747,131.226,-652.893
-2.422,-0.277,-0.047,-165.100,83.435,-682.922
-2.476,-0.348,0.008,-196.716,29.602,-704.773
-2.557,-0.434,0.068,-215.759,-20.142,-726.379
-2.656,-0.527,0.130,-227.356,-67.444,-738.525
-2.674,-0.607,0.211,-243.835,-115.540,-734.253
-2.587,-0.668,0.317,-263.550,-163.147,-715.210
-2.482,-0.709,0.436,-274.170,-204.529,-685.730
-2.391,-0.758,0.526,-258.911,-235.535,-654.663
-2.281,-0.810,0.599,-223.755,-258.850,-621.948
-2.165,-0.854,0.655,-190.430,-271.790,-585.876
-2.037,-0.886,0.696,-171.631,-277.100,-549.988
-1.929,-0.923,0.754,-164.368,-286.926,-520.630
-1.785,-0.949,0.806,-163.147,-296.082,-489.014
-1.658,-0.954,0.850,-163.452,-298.523,-449.463
-1.574,-0.958,0.899,-153.870,-305.542,-374.939
-1.254,-0.969,1.000,-138.733,-308.899,-334.839
-1.091,-0.974,1.030,-119.080,-303.955,-290.771
-0.986,-0.955,1.068,-100.830,-291.870,-242.126
-0.915,-0.932,1.077,-74.951,-276.123,-191.956
-0.839,-0.929,1.081,-49.194,-264.404,-149.475
-0.774,-0.901,1.097,-36.560,-254.883,-105.164
-0.793,-0.857,1.105,-24.597,-240.051,-60.730
-0.862,-0.815,1.089,-1.343,-224.731,-21.362
-0.923,-0.771,1.066,21.118,-215.881,14.160
-0.965,-0.726,1.053,32.288,-210.266,46.631
-1.020,-0.680,1.041,37.842,-206.604,76.294
-1.075,-0.622,1.037,46.265,-204.956,108.398
-1.119,-0.563,1.036,64.087,-207.153,170.532
-1.211,-0.441,1.038,94.788,-212.219,197.083
-1.240,-0.365,1.052,101.013,-214.355,219.543
-1.253,-0.286,1.062,110.962,-213.806,235.596
-1.240,-0.222,1.075,117.737,-213.379,239.136
-1.212,-0.168,1.096,111.511,-211.792,229.919
-1.157,-0.109,1.128,91.736,-205.566,214.294
-1.080,-0.041,1.162,76.294,-196.350,195.312
-0.978,-0.009,1.178,74.097,-181.946,163.818
-0.827,-0.002,1.184,71.960,-167.603,125.916
-0.878,0.005,1.216,63.843,-162.109,94.421
-1.142,0.029,1.210,66.956,-149.170,71.045
-1.392,0.024,1.167,96.130,-137.573,45.105
-1.450,-0.012,1.159,118.835,-143.433,10.132
-1.501,-0.044,1.173,91.919,-146.057,-30.640
-1.539,-0.047,1.221,36.987,-141.113,-69.641
-1.503,-0.055,1.263,11.658,-133.728,-101.318
-1.453,-0.092,1.277,22.095,-120.056,-126.221
-1.417,-0.137,1.271,29.480,-96.436,-143.005
-1.400,-0.166,1.260,16.846,-66.772,-152.405
-1.360,-0.186,1.237,5.737,-35.339,-155.212
-1.267,-0.205,1.190,14.648,-5.493,-153.381
-1.184,-0.229,1.116,33.264,24.292,-147.339
-1.122,-0.277,1.042,37.720,52.002,-145.386
-1.102,-0.301,0.985,20.203,78.186,-140.503
-1.145,-0.321,0.917,10.132,101.257,-131.531
-1.192,-0.356,0.838,19.287,117.493,-122.375
-1.178,-0.387,0.767,28.198,123.779,-107.971
-1.093,-0.405,0.722,24.353,123.596,-90.332
-0.992,-0.406,0.692,16.541,123.230,-69.885
-0.905,-0.399,0.659,19.531,124.878,-47.058
-0.841,-0.393,0.615,35.339,127.258,-23.743
-0.802,-0.393,0.564,49.927,128.601,-3.357
-0.778,-0.389,0.519,49.866,126.526,13.855
-0.751,-0.372,0.494,39.490,120.667,30.701
-0.731,-0.355,0.473,35.278,111.206,45.898
-0.748,-0.339,0.447,40.222,101.013,61.279
-0.782,-0.324,0.419,46.082,89.233,75.867
-0.792,-0.306,0.404,45.166,72.266,88.013
-0.770,-0.282,0.412,37.109,51.941,98.694
-0.755,-0.251,0.434,29.419,33.813,109.802
-0.745,-0.217,0.459,29.724,19.409,121.887
-0.747,-0.178,0.486,36.072,6.531,135.254
-0.765,-0.139,0.506,42.114,-3.845,146.851
-0.773,-0.103,0.531,42.175,-14.954,152.527
-0.777,-0.066,0.564,34.363,-26.794,153.625
-0.794,-0.030,0.599,24.292,-36.560,151.489
-0.805,0.000,0.635,16.785,-45.288,146.179
-0.795,0.027,0.674,12.573,-52.917,139.832
-0.785,0.054,0.709,9.094,-57.922,132.812
-0.781,0.078,0.741,4.883,-58.960,124.512
-0.795,0.101,0.770,1.648,-58.228,116.089
-0.802,0.124,0.797,1.282,-56.458,106.873
-0.794,0.143,0.820,2.869,-54.565,96.130
-0.781,0.157,0.842,2.930,-52.429,83.069
-0.768,0.165,0.859,-1.465,-48.584,65.552
-0.758,0.164,0.881,-11.597,-44.312,44.800
-0.749,0.170,0.903,-22.766,-37.170,26.611
-0.740,0.168,0.917,-22.827,-27.527,9.644
-0.723,0.152,0.915,-14.709,-17.822,-7.080
-0.712,0.127,0.908,-13.550,-7.996,-23.804
-1.267,0.469,0.924,23.682,-8.789,115.540
-1.387,0.492,0.930,25.696,1.587,121.460
-1.525,0.512,0.927,30.701,14.526,126.038
-1.687,0.526,0.923,37.964,26.062,129.028
-1.802,0.545,0.915,42.847,38.269,131.592
-1.854,0.577,0.916,45.654,48.401,133.728
-1.881,0.606,0.913,50.171,59.326,129.211
-1.913,0.627,0.907,52.185,70.923,116.760
-1.953,0.646,0.903,47.852,82.886,97.778
-1.968,0.667,0.902,41.199,96.069,75.073
-1.948,0.687,0.900,41.199,111.084,50.049
-1.916,0.707,0.886,49.438,127.991,22.095
-1.901,0.711,0.860,59.570,147.400,-11.719
-1.928,0.701,0.822,64.148,168.091,-51.453
-1.965,0.682,0.774,64.514,189.758,-92.468
-1.956,0.668,0.722,67.566,208.862,-131.165
-1.937,0.641,0.660,71.960,226.746,-173.035
-1.944,0.599,0.586,68.909,245.361,-220.215
-1.980,0.547,0.501,53.772,263.489,-271.362
-2.059,0.491,0.430,34.607,277.100,-325.012
-2.224,0.415,0.343,23.926,285.095,-377.808
-2.354,0.337,0.273,16.479,288.208,-426.758
-2.426,0.269,0.209,8.301,283.386,-470.520
-2.459,0.202,0.153,-0.732,275.085,-512.878
-2.506,0.120,0.109,-16.785,269.348,-557.922
-2.630,0.064,0.066,-33.020,263.733,-598.145
-2.811,-0.027,0.028,-39.673,255.127,-639.587
-2.950,-0.120,-0.014,-49.255,241.760,-678.467
-3.008,-0.173,-0.027,-62.378,221.985,-697.876
-3.083,-0.248,-0.045,-65.369,199.219,-721.497
-3.187,-0.327,-0.045,-70.374,179.626,-762.634
-3.225,-0.468,-0.052,-102.600,130.981,-781.982
-3.300,-0.540,-0.030,-135.254,96.069,-798.767
-3.365,-0.622,-0.015,-171.204,57.373,-808.411
-3.374,-0.670,0.063,-211.609,9.766,-805.664
-3.373,-0.717,0.127,-232.117,-37.659,-794.556
-3.359,-0.776,0.175,-231.201,-81.604,-785.583
-3.348,-0.845,0.228,-231.262,-124.817,-776.367
-3.323,-0.914,0.287,-245.544,-169.006,-761.108
-3.267,-0.958,0.381,-284.607,-216.003,-737.671
-3.139,-0.983,0.507,-329.529,-270.264,-704.590
-3.016,-1.004,0.640,-342.651,-323.853,-662.415
-2.877,-1.025,0.731,-317.627,-364.258,-608.093
-2.747,-1.038,0.802,-280.640,-396.973,-549.500
-2.586,-1.046,0.872,-247.498,-424.377,-493.774
-2.420,-1.046,0.932,-225.952,-440.430,-437.012
-2.287,-1.022,0.998,-214.050,-445.557,-376.221
-2.194,-0.993,1.054,-194.275,-445.679,-315.247
-2.083,-0.970,1.085,-162.903,-443.237,-256.592
-1.997,-0.942,1.128,-138.550,-436.035,-200.256
-1.959,-0.883,1.179,-121.643,-420.105,-144.897
-1.950,-0.832,1.203,-92.834,-399.597,-94.788
-1.913,-0.786,1.229,-67.627,-380.432,-49.561
-1.824,-0.733,1.265,-57.251,-360.474,-7.996
-1.787,-0.669,1.300,-47.852,-333.923,31.250
-1.774,-0.609,1.305,-31.799,-298.279,67.505
-1.770,-0.555,1.308,-14.893,-265.625,97.656
-1.780,-0.493,1.305,-2.319,-234.192,126.709
-1.822,-0.435,1.287,7.385,-202.148,149.231
-1.805,-0.382,1.274,11.047,-174.133,164.978
-1.707,-0.327,1.286,8.667,-152.405,179.626
-1.633,-0.262,1.284,10.559,-127.808,194.092
-1.612,-0.210,1.261,17.517,-97.656,201.599
-1.547,-0.173,1.234,18.555,-70.984,200.806
-1.382,-0.124,1.221,9.033,-50.171,200.500
-1.163,-0.067,1.207,2.075,-35.278,200.989
-1.142,-0.039,1.203,6.348,-26.917,193.848
-1.430,-0.007,1.147,22.034,-5.554,191.101
-1.751,0.025,1.046,55.420,19.470,191.833
-1.879,0.004,0.974,86.548,20.630,172.791
-1.873,-0.008,0.950,75.256,14.832,143.616
-1.828,0.018,0.946,35.339,19.653,120.850
-1.760,0.018,0.944,13.977,26.794,91.919
-1.588,0.009,0.948,9.338,31.616,64.819
-1.383,0.001,0.951,1.892,41.443,45.166
-1.200,-0.011,0.947,-13.428,57.190,28.259
-1.018,-0.003,0.943,-26.794,76.660,20.752
-0.902,-0.010,0.912,-19.897,99.182,18.250
-0.845,-0.030,0.850,-4.944,124.023,16.357
-0.820,-0.045,0.783,-3.845,147.156,14.954
-0.839,-0.055,0.723,-11.963,165.771,11.902
-0.865,-0.072,0.653,-16.052,178.955,5.615
-0.880,-0.098,0.588,-14.404,184.753,-2.197
-0.861,-0.120,0.531,-15.686,184.021,-7.507
-0.822,-0.138,0.486,-21.301,179.871,-10.925
-0.781,-0.154,0.445,-25.146,173.096,-12.878
-0.733,-0.172,0.406,-23.987,163.330,-12.817
-0.657,-0.187,0.376,-21.423,149.353,-10.193
-0.580,-0.196,0.356,-19.897,132.996,-4.150
-0.542,-0.198,0.336,-16.541,119.385,4.211
-0.552,-0.201,0.312,-9.827,106.079,12.695
-0.562,-0.202,0.290,-3.845,88.440,21.667
-0.548,-0.198,0.282,-2.441,65.735,29.602
-0.542,-0.189,0.288,-5.920,41.443,36.926
-0.547,-0.173,0.301,-8.179,19.287,44.739
-0.551,-0.154,0.330,-5.493,-3.418,53.101
-0.551,-0.137,0.372,-2.014,-26.367,61.462
-0.557,-0.113,0.423,-3.723,-47.424,69.885
-0.576,-0.086,0.479,-8.118,-65.125,76.721
-0.609,-0.059,0.532,-8.240,-79.285,82.703
-0.659,-0.034,0.584,-3.113,-91.064,87.830
-0.705,-0.010,0.632,2.808,-100.830,91.125
-0.749,0.009,0.679,3.235,-108.765,90.149
-0.792,0.029,0.729,-3.784,-114.502,86.060
-0.828,0.052,0.779,-12.512,-118.225,80.994
-0.845,0.069,0.826,-16.541,-120.117,73.303
-0.848,0.078,0.872,-19.043,-120.544,62.683
-0.845,0.089,0.918,-24.170,-117.249,52.917
-0.844,0.096,0.958,-28.809,-109.802,43.396
-0.844,0.102,0.992,-30.090,-100.586,34.302
-0.835,0.109,1.016,-28.625,-88.928,26.794
-0.827,0.114,1.038,-25.696,-74.951,18.738
-0.815,0.115,1.052,-24.475,-59.448,9.155
-0.794,0.117,1.062,-25.269,-43.152,-0.244
-0.778,0.111,1.063,-24.719,-25.879,-11.047
-0.784,0.094,1.050,-23.254,-7.874,-23.621
-0.791,0.068,1.020,-23.437,9.644,-36.194
-0.791,0.038,0.984,-25.269,25.879,-48.340
-0.791,0.006,0.938,-25.879,40.833,-58.838
-1.241,0.511,0.874,51.270,20.081,137.817
-1.333,0.538,0.871,49.133,27.100,142.090
-1.425,0.558,0.872,48.218,32.898,141.907
-1.490,0.583,0.877,47.302,36.133,140.381
-1.517,0.614,0.888,45.959,39.917,138.733
-1.529,0.638,0.898,47.485,45.715,132.324
-1.561,0.663,0.905,51.636,55.481,122.192
-1.575,0.688,0.903,57.617,67.200,110.046
-1.570,0.708,0.903,64.392,77.820,93.445
-1.568,0.728,0.898,68.909,90.820,71.655
-1.588,0.739,0.887,71.899,105.957,43.762
-1.586,0.746,0.871,74.158,119.324,12.207
-1.585,0.750,0.854,75.500,131.165,-21.790
-1.668,0.729,0.819,75.500,144.226,-62.439
-1.819,0.692,0.777,72.510,157.166,-104.004
-1.889,0.672,0.744,68.726,168.152,-139.526
-1.814,0.668,0.717,74.463,175.903,-173.279
-1.730,0.640,0.670,84.412,185.913,-213.074
-1.700,0.603,0.611,81.970,200.073,-256.348
-1.767,0.555,0.555,67.749,212.585,-304.565
-1.903,0.485,0.489,52.490,221.558,-357.971
-2.032,0.412,0.428,36.377,225.220,-408.936
-2.127,0.336,0.367,22.400,221.741,-456.238
-2.268,0.257,0.333,12.207,212.891,-499.695
-2.289,0.182,0.285,7.568,202.637,-538.635
-2.299,0.116,0.259,3.845,189.331,-571.289
-2.364,0.021,0.228,-4.395,179.871,-611.206
-2.481,-0.054,0.199,-16.846,171.570,-640.930
-2.553,-0.128,0.178,-24.902,158.203,-664.856
-2.635,-0.213,0.158,-25.024,141.052,-688.049
-2.725,-0.296,0.125,-27.710,125.427,-703.125
-2.772,-0.368,0.116,-41.626,106.934,-710.144
-2.736,-0.417,0.129,-63.660,81.604,-710.083
-2.676,-0.458,0.139,-79.163,56.091,-708.313
-2.663,-0.516,0.142,-88.013,32.043,-712.402
-2.647,-0.582,0.151,-97.107,5.737,-714.172
-2.595,-0.630,0.172,-115.723,-21.790,-704.468
-2.541,-0.669,0.207,-134.949,-53.040,-689.636
-2.490,-0.717,0.240,-146.851,-85.876,-673.523
-2.411,-0.761,0.272,-152.405,-118.530,-653.015
-2.352,-0.800,0.319,-162.231,-150.391,-628.479
-2.250,-0.839,0.365,-174.683,-182.312,-604.187
-2.062,-0.875,0.444,-191.223,-216.858,-575.073
-1.863,-0.889,0.528,-201.538,-244.385,-534.851
-1.814,-0.885,0.591,-196.411,-260.315,-488.159
-1.838,-0.871,0.640,-179.199,-270.081,-445.068
-1.773,-0.880,0.675,-156.555,-284.851,-411.255
-1.629,-0.896,0.742,-143.433,-307.251,-382.202
-1.436,-0.906,0.810,-138.855,-319.946,-347.534
-1.293,-0.890,0.878,-133.789,-320.679,-303.345
-1.206,-0.868,0.930,-118.347,-313.171,-257.446
-1.130,-0.849,0.958,-93.140,-302.673,-213.684
-1.037,-0.828,0.982,-74.097,-281.555,-128.662
-0.901,-0.755,1.050,-52.673,-267.700,-86.975
-0.905,-0.713,1.064,-26.184,-250.732,-45.715
-0.957,-0.668,1.060,-0.427,-233.459,-7.263
-0.995,-0.623,1.053,11.902,-218.689,26.123
-1.018,-0.563,1.070,12.085,-208.069,57.739
-1.093,-0.500,1.078,17.761,-195.679,86.609
-1.163,-0.450,1.066,34.668,-183.167,109.741
-1.166,-0.405,1.064,48.340,-176.941,128.235
-1.156,-0.351,1.071,47.363,-171.265,145.142
-1.168,-0.297,1.082,40.222,-161.987,157.227
-1.185,-0.243,1.092,39.917,-152.954,165.894
-1.198,-0.193,1.093,48.035,-144.592,172.974
-1.213,-0.153,1.090,55.481,-136.475,175.476
-1.313,-0.065,1.091,50.903,-123.779,169.189
-1.352,-0.034,1.095,48.462,-119.751,158.264
-1.341,-0.007,1.109,45.349,-119.934,145.325
-1.307,0.020,1.132,38.513,-119.446,131.836
-1.290,0.045,1.156,30.396,-114.807,116.760
-1.250,0.067,1.179,24.231,-107.666,99.365
-1.188,0.084,1.204,19.104,-98.877,81.665
-1.111,0.108,1.231,14.587,-85.876,64.331
-1.003,0.132,1.238,16.052,-67.932,45.898
-0.822,0.120,1.234,17.151,-49.255,17.700
-0.724,0.111,1.234,6.592,-33.691,-8.667
-0.941,0.089,1.188,3.113,-13.855,-29.602
-1.283,0.044,1.081,28.259,10.132,-46.082
-1.538,-0.043,0.970,56.030,22.461,-67.627
-1.698,-0.115,0.914,36.255,23.132,-90.698
-1.754,-0.117,0.907,-7.446,23.376,-98.633
-1.673,-0.141,0.911,-9.705,19.958,-104.187
-1.467,-0.184,0.903,12.024,18.372,-108.704
-1.227,-0.208,0.914,5.371,24.170,-108.704
-0.982,-0.202,0.949,-21.179,34.607,-105.652
-0.775,-0.196,0.967,-23.315,49.011,-98.389
-0.596,-0.216,0.940,2.441,66.833,-91.187
-0.445,-0.239,0.903,17.639,84.961,-83.618
-0.395,-0.243,0.859,11.108,105.896,-75.256
-0.428,-0.260,0.801,8.606,126.892,-69.031
-0.503,-0.282,0.729,16.785,144.043,-60.730
-0.604,-0.294,0.654,27.710,155.457,-45.532
-0.690,-0.306,0.580,36.438,158.691,-30.334
-0.734,-0.312,0.516,36.926,153.992,-16.052
-0.707,-0.306,0.479,29.236,141.541,-2.563
-0.601,-0.293,0.459,21.484,124.390,10.681
-0.503,-0.283,0.450,19.775,108.643,22.705
-0.476,-0.275,0.429,22.705,98.083,34.607
-0.488,-0.262,0.406,26.245,88.196,47.791
-0.508,-0.248,0.390,27.771,74.036,60.547
-0.527,-0.231,0.385,27.039,55.603,72.021
-0.566,-0.204,0.391,26.917,37.415,85.205
-0.639,-0.173,0.399,31.616,20.264,99.060
-0.697,-0.143,0.419,38.208,0.732,110.229
-0.712,-0.110,0.451,36.072,-20.752,118.469
-0.714,-0.073,0.500,22.644,-41.565,123.047
-0.711,-0.033,0.559,7.568,-59.387,125.244
-0.697,0.001,0.618,0.977,-73.669,126.038
-0.704,0.035,0.673,2.808,-84.167,126.892
-0.725,0.068,0.721,7.568,-90.637,128.113
-0.758,0.096,0.762,10.132,-95.215,125.793
-0.787,0.121,0.805,7.019,-98.450,120.117
-0.808,0.149,0.851,-0.671,-100.708,111.877
-0.824,0.172,0.893,-6.470,-101.135,100.769
-0.834,0.188,0.931,-9.094,-99.060,87.463
-0.833,0.200,0.966,-11.536,-94.849,73.608
-0.815,0.211,0.999,-15.198,-88.989,58.960
-0.792,0.218,1.028,-18.188,-80.933,43.762
-1.276,0.570,0.826,43.152,23.804,142.822
-1.308,0.594,0.838,47.729,27.527,143.738
-1.338,0.622,0.848,47.424,32.715,142.273
-1.366,0.649,0.857,45.349,39.673,135.803
-1.400,0.665,0.866,43.884,46.448,124.512
-1.435,0.682,0.870,43.091,54.504,112.732
-1.484,0.688,0.875,44.373,63.721,97.900
-1.486,0.709,0.876,47.729,73.730,85.388
-1.501,0.719,0.871,53.284,83.679,70.129
-1.541,0.725,0.861,53.711,95.276,49.316
-1.617,0.723,0.847,48.523,108.398,26.611
-1.683,0.719,0.825,45.532,120.605,4.333
-1.736,0.714,0.797,46.570,131.165,-16.724
-1.809,0.698,0.761,48.340,140.625,-40.100
-1.865,0.680,0.726,44.495,146.912,-64.697
-1.887,0.672,0.703,36.072,150.391,-89.905
-1.896,0.662,0.681,33.020,153.503,-115.234
-1.919,0.640,0.647,37.659,159.668,-142.761
-1.950,0.617,0.609,41.931,167.053,-170.715
-1.944,0.598,0.578,44.983,174.133,-198.669
-1.892,0.576,0.545,51.392,181.885,-228.027
-1.842,0.546,0.507,58.899,192.139,-260.254
-1.822,0.505,0.453,62.195,203.552,-296.326
-1.832,0.460,0.403,60.242,212.952,-335.144
-1.900,0.389,0.354,54.749,220.459,-376.404
-1.973,0.339,0.297,49.438,224.976,-413.086
-2.079,0.267,0.252,43.030,226.318,-451.782
-2.234,0.195,0.197,32.532,226.807,-491.089
-2.308,0.141,0.150,17.334,223.755,-525.208
-2.423,0.058,0.113,5.249,216.614,-569.092
-2.580,-0.027,0.077,-7.385,210.022,-610.107
-2.663,-0.103,0.046,-18.250,198.303,-641.052
-2.701,-0.177,0.035,-28.320,179.382,-670.349
-2.787,-0.260,0.018,-37.720,162.292,-701.904
-2.921,-0.354,0.007,-55.664,145.508,-733.032
-3.037,-0.436,0.016,-82.092,121.887,-763.123
-3.041,-0.577,0.065,-115.112,61.462,-764.282
-3.026,-0.631,0.099,-121.277,32.410,-757.874
-3.043,-0.685,0.109,-119.202,6.409,-749.268
-3.063,-0.756,0.109,-120.667,-19.714,-745.178
-3.029,-0.823,0.142,-144.958,-50.720,-741.028
-2.981,-0.889,0.197,-184.387,-89.172,-730.164
-2.916,-0.940,0.273,-229.065,-130.981,-710.510
-2.817,-0.975,0.380,-266.235,-175.781,-682.129
-2.700,-1.007,0.481,-276.184,-218.872,-648.132
-2.586,-1.043,0.563,-257.568,-255.859,-609.497
-2.462,-1.085,0.622,-228.638,-287.415,-567.383
-2.313,-1.113,0.691,-212.036,-314.026,-522.217
-2.153,-1.125,0.767,-206.970,-335.632,-473.572
-2.027,-1.123,0.840,-198.120,-349.487,-420.349
-1.922,-1.110,0.902,-178.528,-356.628,-365.356
-1.802,-1.096,0.949,-153.748,-359.924,-309.448
-1.682,-1.072,1.003,-133.179,-358.826,-253.967
-1.610,-1.032,1.058,-114.197,-351.562,-147.583
-1.607,-0.956,1.097,-85.205,-319.336,-102.051
-1.562,-0.895,1.139,-86.426,-306.824,-57.800
-1.533,-0.837,1.180,-75.073,-294.189,-17.456
-1.527,-0.781,1.200,-54.138,-276.428,19.897
-1.516,-0.728,1.209,-39.612,-258.362,55.664
-1.495,-0.661,1.228,-36.560,-241.821,90.515
-1.494,-0.586,1.244,-32.959,-223.206,123.962
-1.502,-0.511,1.245,-19.714,-201.843,153.625
-1.516,-0.444,1.238,-2.625,-182.373,179.077
-1.529,-0.373,1.231,8.301,-163.452,199.463
-1.538,-0.306,1.219,9.277,-144.348,210.571
-1.515,-0.244,1.218,5.310,-127.686,214.539
-1.490,-0.180,1.219,3.967,-112.244,216.309
-1.462,-0.127,1.214,9.521,-95.703,214.050
-1.442,-0.084,1.203,16.174,-80.444,206.482
-1.418,-0.041,1.192,16.846,-65.735,195.190
-1.388,-0.005,1.189,12.573,-52.429,180.298
-1.346,0.025,1.182,9.583,-39.612,163.330
-1.301,0.050,1.173,10.437,-26.672,144.958
-1.239,0.067,1.159,12.207,-14.832,125.061
-1.086,0.081,1.145,9.277,-5.066,104.004
-0.896,0.091,1.149,2.625,-2.380,82.458
-0.900,0.099,1.153,-0.061,0.977,63.232
-1.087,0.096,1.094,15.137,17.395,48.279
-1.240,0.062,1.007,43.030,31.494,29.114
-1.376,-0.001,0.929,44.556,39.185,-0.671
-1.533,-0.029,0.875,7.568,46.692,-30.518
-1.611,-0.064,0.843,-25.391,47.485,-61.340
-1.562,-0.110,0.824,-34.668,38.391,-90.454
-1.399,-0.176,0.821,-43.152,29.053,-115.234
-1.206,-0.221,0.845,-71.167,24.780,-133.057
-0.996,-0.249,0.885,-95.703,26.062,-138.855
-0.793,-0.279,0.913,-86.975,33.142,-133.118
-0.657,-0.309,0.896,-51.819,49.377,-113.953
-0.571,-0.336,0.854,-18.616,68.787,-88.074
-0.569,-0.353,0.804,-5.737,86.914,-64.392
-0.604,-0.357,0.757,-7.874,103.271,-42.786
-0.629,-0.345,0.713,-6.104,113.525,-19.653
-0.637,-0.338,0.665,7.141,118.469,1.892
-0.632,-0.335,0.619,18.677,119.324,21.301
-0.604,-0.315,0.587,17.639,117.737,41.199
-0.576,-0.284,0.568,13.245,114.990,60.852
-0.566,-0.252,0.544,16.602,112.305,78.491
-0.554,-0.225,0.517,23.499,107.910,93.567
-0.505,-0.195,0.501,25.269,100.159,106.689
-0.476,-0.158,0.494,22.522,91.187,119.141
-0.498,-0.123,0.477,23.315,84.778,128.967
-0.534,-0.098,0.464,29.297,75.806,135.925
-0.561,-0.072,0.458,35.278,62.073,141.968
-0.613,-0.042,0.455,38.391,47.546,147.461
-0.674,-0.013,0.460,40.588,32.593,151.184
-0.711,0.017,0.475,41.931,14.038,152.466
-0.732,0.044,0.500,39.978,-5.310,149.292
-0.734,0.073,0.536,31.372,-24.048,142.578
-0.712,0.103,0.585,19.104,-41.504,133.484
-0.689,0.129,0.638,9.155,-55.359,121.826
-0.684,0.150,0.684,3.418,-64.697,107.971
-0.686,0.164,0.724,-0.366,-71.106,93.201
-0.684,0.177,0.766,-4.333,-75.500,78.003
-0.698,0.187,0.803,-8.118,-76.965,61.584
-0.732,0.189,0.832,-10.925,-76.233,43.640
-0.766,0.185,0.860,-14.587,-75.073,25.757
-0.789,0.182,0.888,-18.616,-73.730,8.972
-0.808,0.175,0.913,-21.118,-71.411,-6.714
-0.816,0.162,0.936,-23.254,-68.359,-23.010
-1.284,0.550,0.828,75.867,44.617,147.522
-1.384,0.572,0.830,70.618,50.476,148.560
-1.477,0.595,0.835,68.176,55.847,148.499
-1.542,0.617,0.844,73.364,59.753,146.729
-1.602,0.637,0.848,80.383,64.636,142.883
-1.657,0.653,0.856,82.458,69.641,135.681
-1.693,0.673,0.869,79.346,75.134,125.488
-1.724,0.699,0.880,77.698,84.290,114.380
-1.717,0.720,0.885,82.092,94.116,99.304
-1.693,0.739,0.888,84.961,103.821,78.186
-1.696,0.752,0.886,79.346,115.967,49.500
-1.707,0.762,0.883,70.496,129.150,15.808
-1.695,0.770,0.876,67.505,142.090,-19.348
-1.711,0.764,0.851,71.045,156.372,-58.289
-1.773,0.735,0.809,74.036,171.570,-102.173
-1.844,0.700,0.763,70.374,186.157,-145.996
-1.904,0.659,0.708,66.345,199.463,-190.186
-1.946,0.619,0.650,63.782,210.632,-235.107
-1.997,0.561,0.584,59.753,219.482,-283.020
-2.049,0.502,0.519,48.706,227.417,-332.764
-2.085,0.448,0.461,35.522,233.154,-379.578
-2.164,0.377,0.401,31.006,237.183,-429.199
-2.334,0.282,0.327,28.381,242.798,-479.858
-2.497,0.194,0.280,19.104,245.117,-524.109
-2.547,0.118,0.225,14.221,240.234,-558.838
-2.535,0.054,0.191,13.489,231.995,-592.651
-2.616,-0.043,0.134,11.536,229.736,-633.423
-2.835,-0.140,0.083,-1.465,229.858,-673.340
-3.021,-0.230,0.049,-17.761,221.375,-701.416
-3.133,-0.312,0.044,-32.349,201.538,-721.130
-3.134,-0.377,0.032,-41.260,179.687,-728.333
-3.124,-0.453,0.020,-45.471,158.447,-736.877
-3.137,-0.513,0.018,-60.791,137.451,-741.943
-3.135,-0.563,0.026,-83.557,113.281,-741.760
-3.095,-0.623,0.025,-105.835,83.984,-744.812
-3.057,-0.675,0.051,-134.460,51.941,-749.268
-3.024,-0.739,0.073,-153.076,18.799,-751.953
-2.988,-0.820,0.079,-168.274,-18.738,-747.131
-2.909,-0.868,0.156,-200.134,-61.218,-729.736
-2.824,-0.920,0.225,-220.093,-106.323,-705.994
-2.694,-0.980,0.298,-224.792,-150.452,-676.208
-2.567,-1.020,0.388,-229.797,-191.101,-635.742
-2.413,-1.049,0.483,-227.173,-226.440,-588.745
-2.265,-1.077,0.571,-215.881,-256.958,-541.199
-2.123,-1.099,0.644,-198.792,-279.480,-491.272
-2.015,-1.103,0.712,-176.331,-293.335,-436.523
-1.939,-1.105,0.754,-149.414,-299.561,-383.972
-1.889,-1.109,0.795,-127.441,-303.650,-336.426
-1.810,-1.104,0.838,-116.272,-307.861,-289.856
-1.693,-1.089,0.894,-114.746,-312.134,-242.798
-1.564,-1.059,0.961,-112.549,-312.378,-193.176
-1.437,-1.023,1.012,-99.304,-305.481,-142.090
-1.332,-0.980,1.053,-78.064,-292.419,-90.210
-1.268,-0.917,1.092,-57.739,-273.437,-39.368
-1.230,-0.854,1.115,-37.476,-250.488,5.005
-1.206,-0.781,1.118,-21.484,-227.539,45.654
-1.188,-0.710,1.119,-17.212,-204.712,79.102
-1.192,-0.637,1.124,-18.616,-183.899,103.760
-1.218,-0.567,1.123,-15.442,-163.879,124.146
-1.243,-0.509,1.106,-5.676,-146.484,140.259
-1.229,-0.465,1.092,2.014,-132.568,152.832
-1.229,-0.414,1.084,2.014,-121.033,165.833
-1.262,-0.355,1.072,1.648,-107.544,180.420
-1.288,-0.300,1.059,8.179,-97.168,203.613
-1.279,-0.197,1.039,23.865,-85.266,210.266
-1.252,-0.147,1.036,24.048,-81.238,211.670
-1.229,-0.096,1.039,20.264,-77.087,208.923
-1.216,-0.052,1.039,18.066,-71.350,200.623
-1.206,-0.015,1.040,18.677,-66.345,187.378
-1.177,0.013,1.040,20.264,-61.646,171.204
-1.152,0.036,1.041,21.057,-57.617,152.405
-1.146,0.057,1.044,19.592,-52.429,131.226
-1.129,0.069,1.038,17.212,-46.936,108.154
-1.065,0.074,1.037,12.634,-44.373,83.191
-0.952,0.079,1.045,5.066,-44.189,58.716
-0.929,0.077,1.064,-0.488,-47.729,36.560
-1.097,0.081,1.066,5.310,-44.250,20.813
-1.348,0.056,1.009,31.311,-33.142,6.775
-1.492,-0.002,0.957,48.584,-31.311,-16.541
-1.554,-0.038,0.948,18.982,-31.677,-41.626
-1.586,-0.048,0.981,-25.513,-31.433,-65.186
-1.563,-0.065,1.006,-35.217,-31.555,-84.167
-1.448,-0.117,1.024,-21.301,-31.128,-103.943
-1.294,-0.153,1.056,-54.749,-15.747,-125.366
-1.016,-0.184,1.128,-59.570,-0.427,-123.962
-0.877,-0.216,1.122,-36.804,19.897,-117.798
-0.740,-0.252,1.090,-16.541,43.823,-108.948
-0.674,-0.270,1.048,-14.221,69.763,-96.497
-0.644,-0.288,0.994,-13.977,95.093,-83.374
-0.624,-0.299,0.933,-2.686,115.173,-66.101
-0.632,-0.312,0.852,15.564,132.690,-46.204
-0.671,-0.327,0.769,25.696,147.095,-29.053
-0.706,-0.322,0.699,20.935,155.884,-10.742
-0.714,-0.306,0.644,16.541,158.508,7.629
-0.701,-0.298,0.593,22.217,156.738,24.231
-0.684,-0.286,0.544,29.297,152.893,41.138
-0.669,-0.266,0.505,30.701,147.156,58.960
-0.664,-0.241,0.474,29.846,138.794,74.951
-0.648,-0.213,0.448,31.067,128.113,89.233
-0.622,-0.187,0.430,34.119,99.243,112.427
-0.588,-0.130,0.412,39.368,86.670,120.728
-0.588,-0.103,0.409,39.673,71.533,125.732
-0.592,-0.076,0.412,37.048,55.298,128.479
-0.596,-0.051,0.422,32.959,38.330,128.601
-0.598,-0.028,0.443,27.649,20.569,126.526
-0.591,-0.002,0.474,21.973,3.540,124.878
-0.594,0.023,0.506,18.127,-10.681,122.681
-0.598,0.046,0.541,15.198,-23.437,118.469
-0.602,0.068,0.577,11.047,-34.851,112.305
-0.605,0.089,0.613,4.883,-44.861,103.760
-0.601,0.107,0.653,-1.892,-54.443,93.750
-0.607,0.121,0.693,-7.263,-62.805,82.825
-0.621,0.131,0.730,-11.230,-69.214,71.594
-0.641,0.140,0.768,-14.160,-74.341,60.852
-0.658,0.148,0.805,-16.479,-78.430,50.903
-0.667,0.158,0.843,-17.090,-80.811,42.236
-0.679,0.164,0.876,-15.808,-81.177,32.776
-0.692,0.165,0.905,-15.320,-79.834,21.362
-0.693,0.165,0.933,-17.700,-77.148,8.423
-1.326,0.537,0.859,-62.927,-60.547,83.740
-1.394,0.590,0.920,-37.476,-65.369,90.576
-1.472,0.587,0.928,27.527,-63.904,91.248
-1.554,0.593,0.942,49.255,-61.890,90.759
-1.623,0.633,0.992,19.958,-60.059,88.928
-1.697,0.680,1.046,-3.845,-54.810,82.642
-1.796,0.704,1.080,7.629,-43.030,72.693
-1.897,0.707,1.093,33.081,-28.259,59.509
-1.988,0.714,1.107,39.124,-11.902,44.739
-2.066,0.734,1.130,28.076,6.592,27.710
-2.116,0.750,1.149,22.705,27.222,7.263
-2.118,0.765,1.161,27.649,51.025,-14.893
-2.144,0.772,1.159,35.767,81.421,-40.100
-2.205,0.766,1.136,41.809,117.676,-70.557
-2.274,0.751,1.096,47.119,155.334,-102.234
-2.298,0.730,1.037,57.129,193.909,-133.118
-2.245,0.706,0.955,70.251,233.704,-164.429
-2.210,0.662,0.855,76.599,273.315,-201.660
-2.254,0.607,0.738,71.533,313.904,-242.493
-2.316,0.554,0.616,64.148,350.281,-282.288
-2.431,0.490,0.489,59.326,379.761,-323.914
-2.559,0.404,0.359,53.162,406.250,-366.211
-2.579,0.364,0.233,43.945,426.270,-399.048
-2.541,0.316,0.110,39.063,438.904,-428.650
-2.648,0.242,-0.011,27.100,449.463,-474.182
-2.798,0.179,-0.125,-1.160,458.130,-517.578
-2.982,0.076,-0.223,-28.198,453.125,-568.176
-3.126,-0.010,-0.271,-57.312,433.838,-611.633
-3.139,-0.087,-0.332,-74.707,404.785,-641.113
-3.092,-0.153,-0.362,-83.069,370.972,-667.419
-3.140,-0.339,-0.392,-106.995,312.073,-736.572
-3.271,-0.417,-0.376,-126.099,271.545,-759.460
-3.310,-0.498,-0.349,-147.888,225.464,-781.006
-3.383,-0.600,-0.314,-178.833,176.880,-807.861
-3.437,-0.689,-0.255,-222.046,120.728,-823.730
-3.453,-0.763,-0.185,-271.790,56.274,-825.745
-3.466,-0.832,-0.097,-325.012,-10.010,-826.233
-3.492,-0.886,0.026,-373.230,-79.956,-820.007
-3.487,-0.934,0.152,-398.621,-151.428,-800.720
-3.484,-0.985,0.293,-406.921,-219.360,-776.367
-3.456,-1.025,0.448,-407.593,-281.433,-745.300
-3.398,-1.058,0.593,-398.926,-337.402,-657.043
-3.210,-1.112,0.831,-344.727,-425.049,-606.140
-3.057,-1.127,0.929,-313.965,-457.153,-550.232
-2.887,-1.137,1.023,-287.354,-475.891,-492.981
-2.681,-1.125,1.111,-263.428,-482.056,-432.373
-2.493,-1.109,1.195,-234.924,-481.689,-373.230
-2.283,-1.085,1.280,-209.412,-471.863,-317.078
-2.095,-1.055,1.352,-188.416,-449.341,-262.695
-1.938,-1.013,1.411,-167.664,-417.725,-209.595
-1.816,-0.975,1.462,-145.813,-378.662,-161.011
-1.734,-0.933,1.494,-125.244,-333.069,-119.385
-1.631,-0.892,1.511,-109.863,-284.180,-80.688
-1.496,-0.840,1.540,-101.746,-239.319,-42.175
-1.322,-0.787,1.551,-90.698,-192.749,-3.723
-1.206,-0.730,1.541,-73.669,-143.188,65.002
-1.278,-0.601,1.400,-43.945,-38.635,110.535
-1.311,-0.528,1.320,-37.354,0.183,146.851
-1.330,-0.462,1.238,-31.799,32.532,179.382
-1.357,-0.396,1.159,-24.597,59.814,208.252
-1.406,-0.331,1.074,-18.127,82.458,233.887
-1.456,-0.267,0.996,-13.489,101.074,254.395
-1.472,-0.205,0.926,-9.338,112.244,269.592
-1.477,-0.149,0.865,-4.944,116.760,278.687
-1.476,-0.096,0.807,-1.038,116.882,283.203
-1.453,-0.042,0.763,1.587,112.061,283.813
-1.377,0.005,0.733,3.479,101.074,278.503
-1.279,0.047,0.713,2.808,88.501,268.250
-1.207,0.090,0.700,-0.427,78.003,256.287
-1.169,0.132,0.680,-2.380,69.336,243.103
-1.083,0.169,0.662,-0.427,57.983,226.868
-0.782,0.203,0.651,2.197,38.513,208.496
-0.591,0.229,0.679,2.441,9.521,189.819
-0.757,0.261,0.704,7.935,-8.484,176.025
-1.018,0.297,0.678,37.170,-11.597,166.809
-1.123,0.300,0.646,83.374,-28.320,142.639
-1.162,0.266,0.635,96.375,-54.260,97.473
-1.223,0.253,0.663,50.293,-74.280,46.692
-1.284,0.248,0.716,-9.460,-89.233,-3.113
-1.307,0.214,0.772,-33.691,-105.774,-50.903
-1.296,0.154,0.816,-34.485,-118.530,-92.957
-1.271,0.092,0.867,-44.739,-125.732,-126.038
-1.214,0.055,0.931,-64.331,-127.075,-145.264
-1.142,0.022,0.989,-68.726,-122.131,-155.579
-1.083,-0.024,1.017,-52.490,-110.046,-163.086
-1.036,-0.079,1.028,-36.072,-92.468,-167.419
-1.019,-0.128,1.031,-32.715,-71.411,-168.823
-1.037,-0.174,1.022,-35.950,-49.744,-169.434
-1.055,-0.222,1.007,-34.302,-30.701,-167.969
-1.038,-0.268,0.990,-27.222,-14.465,-162.415
-0.992,-0.311,0.973,-20.386,12.939,-141.113
-0.826,-0.370,0.938,-19.836,27.161,-125.854
-0.762,-0.392,0.915,-14.099,41.687,-107.910
-0.729,-0.412,0.879,-4.395,57.312,-88.196
-0.687,-0.424,0.836,4.883,70.984,-66.406
-0.673,-0.437,0.796,10.925,82.153,-45.959
-0.692,-0.434,0.748,13.855,93.079,-24.231
-0.714,-0.433,0.699,20.935,100.281,-2.991
-0.741,-0.422,0.648,29.968,103.577,18.799
-0.767,-0.403,0.598,34.546,104.370,41.260
-0.773,-0.378,0.560,33.630,99.915,61.096
-0.759,-0.342,0.536,30.518,91.431,80.200
-0.750,-0.304,0.517,31.067,81.970,96.985
-0.756,-0.266,0.502,34.851,71.594,111.816
-0.762,-0.226,0.496,37.109,59.814,125.061
-0.755,-0.184,0.496,35.217,46.814,135.742
-0.746,-0.140,0.510,29.846,33.142,143.799
-0.750,-0.089,0.524,26.184,21.362,151.062
-0.752,-0.046,0.544,26.855,10.071,154.663
-0.749,-0.009,0.565,27.344,-0.732,153.625
-0.761,0.028,0.590,22.461,-9.338,151.123
-0.777,0.067,0.615,16.785,-17.273,146.484
-0.781,0.095,0.642,13.550,-25.757,137.939
-0.784,0.122,0.672,9.827,-33.813,127.502
-0.784,0.147,0.705,4.639,-40.283,116.638
-0.781,0.166,0.738,-0.610,-45.715,103.210
-0.776,0.181,0.771,-6.042,-49.133,88.379
-0.763,0.195,0.805,-10.254,-50.415,73.853
-0.746,0.202,0.835,-11.658,-49.316,58.411
-1.177,0.535,0.930,28.503,2.930,89.844
-1.221,0.561,0.939,31.189,9.766,91.858
-1.264,0.584,0.949,38.452,15.991,91.736
-1.311,0.606,0.952,42.114,23.987,89.111
-1.359,0.626,0.962,41.443,32.776,83.313
-1.421,0.646,0.965,41.565,44.006,75.989
-1.460,0.665,0.964,47.852,55.725,67.322
-1.490,0.675,0.959,56.213,67.383,56.152
-1.503,0.691,0.954,60.242,79.773,42.053
-1.495,0.703,0.950,60.059,92.529,24.536
-1.484,0.714,0.938,60.181,108.521,3.113
-1.465,0.717,0.916,65.186,125.488,-20.386
-1.453,0.708,0.874,72.632,143.921,-47.607
-1.436,0.691,0.825,76.599,162.476,-76.782
-1.463,0.662,0.766,74.951,180.847,-107.788
-1.515,0.622,0.697,70.435,198.792,-140.564
-1.528,0.584,0.630,66.223,211.670,-172.852
-1.514,0.552,0.571,62.317,219.910,-204.590
-1.555,0.501,0.502,59.814,229.553,-239.563
-1.609,0.448,0.432,54.871,236.145,-273.376
-1.635,0.395,0.377,47.424,235.291,-306.824
-1.663,0.334,0.325,41.992,231.873,-339.966
-1.697,0.275,0.272,35.339,228.149,-371.826
-1.772,0.209,0.231,28.259,222.046,-402.771
-1.847,0.137,0.172,24.536,213.562,-431.458
-1.882,0.077,0.139,16.479,199.280,-454.651
-1.838,0.028,0.120,9.216,181.213,-475.403
-1.826,-0.028,0.097,1.465,166.504,-499.329
-1.893,-0.107,0.076,-10.132,154.236,-528.076
-1.936,-0.162,0.080,-27.771,137.573,-550.171
-1.944,-0.215,0.072,-37.903,119.690,-566.040
-2.001,-0.294,0.067,-40.283,100.220,-589.050
-2.048,-0.371,0.065,-44.373,80.139,-603.210
-2.062,-0.432,0.082,-51.636,56.274,-607.788
-2.032,-0.488,0.104,-59.265,29.724,-609.009
-2.053,-0.548,0.114,-64.880,6.287,-612.610
-2.083,-0.617,0.127,-77.698,-16.479,-616.699
-2.087,-0.671,0.164,-101.257,-46.143,-613.647
-2.071,-0.713,0.216,-119.446,-78.491,-604.614
-2.048,-0.768,0.270,-127.563,-109.680,-596.558
-2.028,-0.816,0.336,-133.850,-139.526,-583.130
-1.984,-0.857,0.398,-136.658,-166.016,-564.148
-1.946,-0.901,0.457,-139.404,-189.331,-545.776
-1.899,-0.931,0.515,-143.494,-209.961,-523.315
-1.878,-0.958,0.574,-144.287,-228.821,-498.169
-1.840,-0.985,0.627,-137.756,-244.873,-471.924
-1.796,-1.005,0.682,-129.822,-260.620,-441.040
-1.765,-1.022,0.728,-120.422,-271.973,-405.823
-1.770,-1.023,0.770,-110.779,-280.396,-368.103
-1.784,-1.027,0.804,-100.769,-286.743,-331.360
-1.764,-1.014,0.849,-95.154,-294.983,-291.870
-1.737,-1.001,0.896,-87.830,-302.856,-251.892
-1.700,-0.973,0.943,-77.576,-309.387,-211.792
-1.632,-0.951,0.992,-66.833,-313.477,-172.302
-1.541,-0.919,1.040,-58.533,-315.857,-133.484
-1.494,-0.868,1.103,-53.528,-310.852,-93.018
-1.465,-0.824,1.147,-42.236,-299.255,-56.152
-1.420,-0.773,1.182,-27.161,-286.865,-20.325
-1.359,-0.723,1.220,-15.686,-272.461,12.268
-1.342,-0.662,1.249,-7.446,-252.625,42.114
-1.341,-0.605,1.261,1.343,-227.783,67.993
-1.329,-0.553,1.274,9.033,-205.994,88.074
-1.294,-0.492,1.282,16.113,-184.753,109.436
-1.115,-0.441,1.275,25.269,-164.429,124.817
-0.803,-0.408,1.293,29.236,-159.790,131.958
-0.925,-0.364,1.346,23.682,-161.743,140.015
-1.496,-0.280,1.269,37.537,-124.573,161.560
-1.958,-0.252,1.181,89.050,-103.210,170.044
-2.022,-0.252,1.164,123.047,-109.985,163.269
-1.949,-0.226,1.181,101.563,-106.018,151.123
-1.872,-0.174,1.209,51.086,-89.233,132.996
-1.675,-0.144,1.252,16.357,-73.853,105.042
-1.390,-0.119,1.298,1.953,-57.800,79.651
-1.154,-0.099,1.329,-2.991,-33.630,58.777
-1.013,-0.093,1.329,-4.333,-2.075,39.124
-0.924,-0.092,1.304,-2.258,32.349,24.597
-0.864,-0.106,1.233,6.592,67.810,16.174
-0.882,-0.141,1.124,13.184,104.431,8.972
-1.008,-0.164,1.011,3.296,138.977,4.822
-1.147,-0.174,0.906,-5.310,164.001,2.441
-1.201,-0.195,0.814,2.075,173.523,0.610
-1.177,-0.221,0.735,10.986,173.340,-0.122
-1.094,-0.235,0.679,5.859,169.495,0.793
-0.974,-0.240,0.644,-6.897,162.537,2.563
-0.838,-0.243,0.617,-13.977,155.273,5.920
-0.720,-0.245,0.595,-10.742,150.085,12.024
-0.630,-0.249,0.564,-1.282,147.156,19.592
-0.578,-0.257,0.527,6.409,144.348,26.733
-0.544,-0.258,0.497,6.653,140.625,34.607
-0.536,-0.253,0.468,5.920,135.315,43.945
-0.555,-0.251,0.435,10.620,128.479,52.917
-0.575,-0.249,0.402,17.151,118.042,62.134
-0.567,-0.239,0.382,19.714,102.478,72.266
-0.545,-0.225,0.371,18.799,83.740,81.482
-0.527,-0.204,0.372,16.113,64.575,90.271
-0.504,-0.178,0.380,15.991,44.556,99.426
-0.502,-0.151,0.396,20.203,24.963,106.934
-0.509,-0.124,0.416,23.682,5.676,113.525
-0.521,-0.094,0.450,22.705,-13.489,118.591
-0.552,-0.060,0.490,18.188,-31.616,121.521
-0.596,-0.030,0.533,13.184,-48.523,121.277
-0.628,-0.001,0.581,8.667,-65.552,119.507
-0.658,0.027,0.631,4.761,-80.078,115.234
-0.683,0.049,0.683,-0.488,-91.858,107.666
-0.694,0.071,0.738,-7.324,-101.685,98.633
-0.700,0.094,0.793,-13.062,-108.398,88.745
-0.711,0.110,0.845,-15.442,-110.962,77.026
-0.724,0.122,0.889,-16.113,-110.352,65.002
-0.730,0.130,0.932,-17.029,-107.300,52.307
-0.727,0.140,0.972,-18.433,-101.990,39.673
-0.718,0.144,1.003,-19.226,-94.360,25.879
-0.710,0.143,1.032,-19.348,-84.412,11.047
-0.706,0.139,1.053,-19.409,-72.021,-3.113
-0.710,0.126,1.068,-19.226,-57.556,-17.944
-0.711,0.109,1.074,-18.921,-42.908,-32.410
-0.709,0.085,1.073,-19.409,-27.832,-46.326
-0.707,0.054,1.057,-20.325,-12.695,-59.204
-0.703,0.022,1.031,-20.325,1.160,-70.007
-0.716,-0.017,0.995,-16.174,14.893,-79.468
-1.196,0.565,0.832,79.529,41.016,125.854
-1.198,0.593,0.839,74.646,41.321,119.995
-1.213,0.620,0.849,67.261,43.335,108.154
-1.250,0.643,0.860,63.660,46.326,92.407
-1.298,0.656,0.864,64.697,50.842,73.608
-1.359,0.663,0.865,66.895,56.274,53.162
-1.421,0.670,0.867,67.871,62.134,33.203
-1.477,0.675,0.866,69.153,68.665,12.817
-1.544,0.674,0.865,71.594,75.806,-8.850
-1.591,0.676,0.859,73.547,83.740,-31.738
-1.591,0.679,0.857,74.951,91.309,-56.152
-1.571,0.681,0.849,76.721,100.342,-83.557
-1.547,0.672,0.829,78.491,110.596,-115.540
-1.529,0.647,0.796,75.989,121.643,-151.489
-1.542,0.609,0.751,68.115,132.751,-190.369
-1.589,0.560,0.704,57.800,143.433,-230.408
-1.625,0.504,0.656,48.889,152.527,-269.409
-1.667,0.441,0.606,44.312,159.607,-306.335
-1.722,0.375,0.551,43.823,167.053,-339.050
-1.799,0.302,0.501,45.593,172.241,-369.080
-1.869,0.231,0.455,49.133,176.208,-394.287
-1.900,0.173,0.408,51.270,177.734,-414.185
-1.934,0.110,0.356,54.199,175.171,-434.265
-2.015,0.046,0.316,51.025,172.668,-455.505
-2.107,-0.020,0.271,45.349,167.114,-474.792
-2.109,-0.065,0.246,38.879,155.945,-488.403
-2.106,-0.120,0.225,36.072,141.541,-503.418
-2.138,-0.187,0.203,28.381,129.211,-522.217
-2.154,-0.238,0.204,13.123,117.004,-536.499
-2.121,-0.284,0.208,4.700,101.746,-543.945
-2.085,-0.328,0.207,7.385,88.928,-549.316
-2.058,-0.389,0.194,14.160,80.017,-556.763
-2.084,-0.442,0.181,16.724,70.007,-559.631
-2.071,-0.466,0.162,5.493,61.157,-554.382
-2.080,-0.516,0.165,-12.512,44.250,-559.875
-2.108,-0.545,0.181,-31.250,28.992,-559.753
-2.051,-0.578,0.192,-39.917,13.428,-557.922
-2.020,-0.624,0.215,-34.851,-6.592,-561.340
-2.027,-0.689,0.202,-26.917,-19.043,-563.232
-2.007,-0.729,0.216,-32.837,-34.485,-556.396
-1.971,-0.776,0.232,-43.884,-55.420,-548.340
-1.962,-0.827,0.289,-75.378,-97.229,-528.687
-1.896,-0.911,0.343,-88.379,-124.207,-510.315
-1.824,-0.941,0.403,-94.055,-150.635,-486.389
-1.737,-0.974,0.452,-92.041,-173.096,-459.290
-1.661,-1.001,0.512,-86.853,-192.810,-431.274
-1.583,-1.010,0.564,-76.538,-208.374,-397.217
-1.553,-1.040,0.588,-63.660,-216.370,-368.286
-1.546,-1.058,0.640,-63.110,-228.394,-337.830
-1.490,-1.053,0.692,-70.068,-239.075,-300.659
-1.447,-1.046,0.752,-63.904,-257.324,-225.464
-1.294,-1.005,0.874,-48.401,-261.230,-184.387
-1.241,-0.974,0.920,-34.790,-258.545,-142.944
-1.270,-0.927,0.959,-26.794,-251.160,-102.844
-1.282,-0.877,0.988,-22.217,-241.821,-67.566
-1.274,-0.826,1.026,-18.860,-236.084,-37.048
-1.233,-0.780,1.067,-14.587,-230.164,-10.193
-1.210,-0.732,1.095,-12.207,-219.666,12.451
-1.210,-0.680,1.127,-13.245,-207.092,34.546
-1.152,-0.630,1.160,-13.123,-194.580,55.420
-1.114,-0.578,1.188,-9.521,-179.871,73.303
-1.111,-0.535,1.198,-3.845,-159.668,88.135
-1.128,-0.492,1.202,-1.404,-139.709,112.671
-1.122,-0.392,1.207,1.770,-106.934,121.094
-1.115,-0.351,1.193,4.822,-89.905,125.122
-0.872,-0.315,1.172,3.784,-78.613,126.282
-0.679,-0.292,1.210,-2.502,-87.341,124.207
-0.969,-0.241,1.210,-5.066,-85.449,127.686
-1.513,-0.207,1.109,20.935,-58.899,135.681
-1.816,-0.213,1.056,61.096,-62.195,132.141
-1.899,-0.212,1.048,70.923,-73.792,124.451
-1.902,-0.191,1.068,46.875,-73.120,116.272
-1.839,-0.171,1.103,16.357,-68.848,102.722
-1.672,-0.146,1.151,-4.944,-65.063,90.393
-1.414,-0.120,1.207,-17.029,-60.425,80.566
-1.170,-0.102,1.255,-27.588,-47.546,68.604
-0.955,-0.080,1.295,-39.368,-25.146,57.251
-0.739,-0.060,1.326,-43.396,1.038,48.767
-0.561,-0.046,1.327,-33.569,32.898,42.908
-0.527,-0.060,1.255,-15.808,73.303,36.438
-0.601,-0.091,1.149,-6.958,111.023,31.677
-0.694,-0.109,1.043,-13.977,140.198,32.532
-0.806,-0.122,0.951,-18.127,162.659,35.217
-0.901,-0.131,0.853,-7.385,176.453,41.931
-0.940,-0.146,0.758,8.667,181.213,48.950
-0.906,-0.148,0.692,10.559,178.162,55.481
-0.804,-0.134,0.659,-0.305,171.204,62.012
-0.679,-0.119,0.634,-5.615,164.612,67.139
-0.584,-0.112,0.599,0.122,161.011,70.984
-0.527,-0.107,0.561,8.362,158.447,75.317
-0.492,-0.099,0.521,13.428,154.175,79.529
-0.475,-0.090,0.489,15.381,147.583,82.336
-0.481,-0.082,0.456,17.212,139.099,83.435
-0.503,-0.075,0.424,20.081,127.747,83.008
-0.522,-0.070,0.397,22.339,113.220,81.238
-0.512,-0.060,0.379,21.851,94.788,79.163
-0.487,-0.050,0.371,18.799,73.608,75.317
-0.460,-0.040,0.371,13.916,51.880,69.885
-0.430,-0.027,0.383,9.277,30.029,64.453
-0.410,-0.016,0.404,6.775,8.484,58.655
-0.410,-0.008,0.432,5.066,-11.108,51.941
-0.421,-0.001,0.471,0.427,-30.701,45.471
-0.441,0.007,0.516,-6.592,-48.889,38.696
-0.480,0.016,0.567,-11.597,-64.697,32.288
-0.520,0.022,0.614,-12.756,-78.430,25.696
-0.554,0.024,0.666,-13.306,-90.820,18.311
-0.588,0.025,0.716,-16.602,-101.318,9.766
-0.618,0.024,0.769,-22.766,-109.741,0.427
-0.631,0.022,0.824,-28.503,-116.455,-8.667
-0.638,0.018,0.880,-30.701,-120.483,-17.517
-0.652,0.010,0.928,-30.029,-121.033,-25.208
-0.675,-0.001,0.971,-28.137,-117.798,-31.677
-0.693,-0.011,1.006,-26.428,-112.976,-37.109
-0.709,-0.022,1.043,-25.146,-106.628,-41.443
-0.716,-0.031,1.074,-23.254,-98.083,-44.250
-0.707,-0.040,1.101,-20.203,-88.318,-46.326
-0.701,-0.051,1.122,-17.212,-76.355,-48.584
-0.703,-0.064,1.134,-16.296,-61.707,-51.086
-0.693,-0.077,1.142,-16.602,-46.875,-53.589
-1.173,0.524,0.866,62.378,18.188,-8.545
-1.188,0.536,0.879,61.218,19.958,-23.376
-1.199,0.543,0.886,60.181,23.071,-40.222
-1.230,0.545,0.895,59.143,27.588,-60.181
-1.264,0.542,0.899,58.350,32.349,-81.909
-1.277,0.537,0.903,59.021,36.865,-103.821
-1.279,0.524,0.900,59.387,42.175,-127.258
-1.375,0.493,0.881,54.504,50.476,-153.076
-1.341,0.480,0.873,48.096,55.786,-175.049
-1.340,0.445,0.853,50.964,62.744,-200.623
-1.398,0.396,0.808,54.932,74.280,-226.746
-1.427,0.348,0.763,52.063,82.520,-250.793
-1.453,0.310,0.729,44.739,88.806,-273.499
-1.496,0.260,0.694,44.006,93.750,-296.387
-1.529,0.205,0.657,46.204,96.680,-317.627
-1.526,0.159,0.631,42.908,98.145,-334.534
-1.519,0.114,0.604,42.236,99.731,-348.328
-1.527,0.066,0.563,48.950,103.271,-359.009
-1.525,0.017,0.523,54.993,106.445,-366.028
-1.509,-0.024,0.488,56.030,107.666,-370.544
-1.504,-0.058,0.462,55.847,107.910,-372.986
-1.492,-0.091,0.428,61.462,107.788,-373.352
-1.499,-0.125,0.387,69.092,106.506,-373.474
-1.473,-0.177,0.340,68.176,104.858,-376.648
-1.466,-0.190,0.329,55.786,97.961,-375.183
-1.420,-0.198,0.308,50.537,93.262,-368.530
-1.421,-0.235,0.288,52.490,88.806,-371.582
-1.400,-0.238,0.278,51.086,87.891,-364.685
-1.348,-0.255,0.264,62.866,83.313,-357.788
-1.304,-0.271,0.236,79.346,80.872,-353.210
-1.255,-0.279,0.216,86.731,81.238,-348.877
-1.302,-0.314,0.191,87.280,82.153,-352.905
-1.337,-0.311,0.166,79.163,81.482,-349.731
-1.284,-0.328,0.145,74.707,74.280,-351.440
-1.261,-0.365,0.133,68.237,63.110,-361.328
-1.246,-0.377,0.130,54.626,55.481,-363.342
-1.216,-0.397,0.127,51.514,44.861,-365.845
-1.191,-0.423,0.122,54.199,35.645,-371.338
-1.199,-0.459,0.112,52.124,28.687,-380.127
-1.225,-0.500,0.109,40.222,21.729,-391.357
-1.228,-0.533,0.114,23.987,11.536,-397.400
-1.232,-0.564,0.126,11.658,-1.099,-400.452
-1.232,-0.609,0.127,4.517,-14.099,-403.564
-1.206,-0.640,0.139,-7.324,-29.358,-401.428
-1.199,-0.667,0.159,-20.325,-44.006,-397.278
-1.212,-0.695,0.173,-29.785,-60.303,-393.250
-1.190,-0.726,0.192,-39.551,-80.444,-390.076
-1.183,-0.757,0.227,-52.795,-103.821,-386.902
-1.184,-0.789,0.260,-67.200,-151.123,-371.887
-1.180,-0.842,0.357,-78.613,-174.316,-358.398
-1.175,-0.860,0.414,-72.510,-195.129,-338.745
-1.178,-0.877,0.461,-60.120,-212.585,-314.941
-1.213,-0.889,0.499,-49.377,-226.196,-290.283
-1.265,-0.895,0.534,-47.668,-238.220,-265.625
-1.322,-0.889,0.580,-52.612,-252.563,-241.943
-1.373,-0.873,0.637,-57.007,-270.996,-216.553
-1.419,-0.858,0.694,-54.749,-291.382,-191.040
-1.418,-0.840,0.748,-49.377,-311.279,-164.490
-1.113,-0.813,0.803,-44.373,-333.374,-137.634
-0.734,-0.813,0.902,-42.908,-368.835,-120.483
-1.342,-0.786,0.997,-53.711,-391.357,-101.196
-2.273,-0.629,0.973,-41.992,-372.070,-44.189
-2.788,-0.592,1.014,33.752,-404.663,-14.954
-2.946,-0.617,1.066,93.994,-445.801,-12.451
-2.938,-0.583,1.153,58.716,-446.777,-8.484
-2.694,-0.519,1.294,-12.146,-434.692,-7.874
-2.315,-0.472,1.452,-45.776,-414.612,-9.277
-1.996,-0.432,1.560,-35.339,-373.169,-5.798
-1.833,-0.403,1.616,-13.977,-312.988,-1.160
-1.575,-0.350,1.696,-17.822,-192.444,0.671
-1.372,-0.321,1.736,-20.264,-136.169,5.005
-1.228,-0.305,1.732,-7.080,-69.763,10.986
-1.291,-0.326,1.626,11.169,5.554,15.137
-1.428,-0.332,1.478,15.015,76.233,24.353
-1.506,-0.331,1.335,11.841,131.958,38.696
-1.574,-0.322,1.212,16.479,175.903,55.176
-1.605,-0.308,1.089,32.471,212.219,76.050
-1.592,-0.303,0.965,48.096,240.173,92.896
-1.458,-0.288,0.871,44.617,258.301,105.774
-1.287,-0.266,0.814,27.344,269.043,113.220
-1.154,-0.242,0.753,16.663,283.081,119.690
-1.075,-0.227,0.677,20.630,298.462,124.573
-1.024,-0.221,0.592,30.090,308.655,128.418
-0.987,-0.215,0.515,36.682,313.110,132.690
-0.967,-0.211,0.439,39.063,314.331,136.353
-0.960,-0.198,0.368,38.391,311.035,141.968
-0.923,-0.179,0.302,43.457,300.537,148.499
-0.851,-0.166,0.246,54.260,281.311,153.137
-0.780,-0.153,0.198,60.425,258.301,155.823
-0.725,-0.131,0.159,58.960,234.497,158.936
-0.667,-0.110,0.129,56.519,206.421,160.034
-0.587,-0.086,0.113,55.420,173.218,159.302
-0.523,-0.064,0.108,53.528,139.465,157.043
-0.489,-0.039,0.109,49.866,107.849,153.564
-0.448,-0.007,0.124,47.302,75.684,150.146
-0.412,0.021,0.145,46.997,43.640,144.531
-0.401,0.049,0.172,44.678,13.672,135.071
-0.396,0.074,0.209,36.011,-15.808,122.070
-0.405,0.092,0.260,21.667,-45.898,105.469
-0.432,0.108,0.320,5.005,-73.792,86.914
-0.474,0.114,0.387,-8.728,-99.670,67.322
-0.520,0.119,0.456,-17.822,-122.986,48.218
-0.561,0.115,0.524,-24.353,-143.921,29.053
-0.588,0.111,0.598,-31.860,-161.926,10.681
-0.609,0.103,0.674,-40.466,-175.964,-7.141
-0.639,0.091,0.752,-47.363,-184.631,-25.330
-0.670,0.078,0.820,-49.316,-188.049,-40.955
-0.694,0.059,0.880,-45.715,-188.049,-55.542
-0.706,0.038,0.937,-42.480,-185.181,-69.397
-0.722,0.019,0.989,-42.419,-178.223,-81.726
-0.760,-0.003,1.028,-41.992,-168.152,-93.628
-0.813,-0.033,1.061,-39.490,-156.677,-105.347
-0.845,-0.063,1.090,-37.964,-144.531,-114.441
-0.854,-0.092,1.120,-38.330,-132.751,-121.460
-0.857,-0.122,1.144,-38.025,-102.478,-128.662
-0.834,-0.174,1.174,-35.583,-84.778,-127.686
-0.817,-0.200,1.175,-31.677,-65.857,-124.756
-0.803,-0.225,1.169,-28.198,-44.556,-119.568
-0.788,-0.250,1.154,-24.658,-24.536,-113.220